timestamp,building_id,energy_consumption
2022-01-01 20:00:00,1,109.93428306022466
2022-01-01 03:00:00,2,97.2347139765763
2022-01-01 00:00:00,3,112.95377076201385
2022-01-01 23:00:00,4,130.46059712816052
2022-01-01 08:00:00,5,95.31693250553329
2022-01-02 07:00:00,1,95.3172608610164
2022-01-02 07:00:00,2,131.58425631014782
2022-01-02 04:00:00,3,115.34869458305818
2022-01-02 23:00:00,4,90.61051228130096
2022-01-02 03:00:00,5,110.8512008717193
2022-01-03 21:00:00,1,90.73164614375075
2022-01-03 23:00:00,2,90.68540492859486
2022-01-03 17:00:00,3,104.83924543132068
2022-01-03 02:00:00,4,61.73439510684404
2022-01-03 18:00:00,5,65.50164334973934
2022-01-04 13:00:00,1,88.75424941518054
2022-01-04 01:00:00,2,79.74337759331152
2022-01-04 00:00:00,3,106.28494665190547
2022-01-04 02:00:00,4,81.83951848957578
2022-01-04 06:00:00,5,71.75392597329417
2022-01-05 07:00:00,1,129.31297537843108
2022-01-05 16:00:00,2,95.4844739902693
2022-01-05 19:00:00,3,101.35056409375848
2022-01-05 00:00:00,4,71.50503627573087
2022-01-05 17:00:00,5,89.11234550949635
2022-01-06 06:00:00,1,102.21845179419732
2022-01-06 22:00:00,2,76.98012845155395
2022-01-06 20:00:00,3,107.51396036691344
2022-01-06 22:00:00,4,87.9872262016239
2022-01-06 17:00:00,5,94.16612500413447
2022-01-07 13:00:00,1,87.96586775541206
2022-01-07 07:00:00,2,137.04556369017877
2022-01-07 14:00:00,3,99.73005550524132
2022-01-07 18:00:00,4,78.84578142088199
2022-01-07 08:00:00,5,116.45089824206377
2022-01-08 00:00:00,1,75.58312700057955
2022-01-08 05:00:00,2,104.1772719000951
2022-01-08 22:00:00,3,60.80659752240449
2022-01-08 13:00:00,4,73.43627902203139
2022-01-08 10:00:00,5,103.93722471738246
2022-01-09 08:00:00,1,114.76933159990821
2022-01-09 04:00:00,2,103.4273656237994
2022-01-09 06:00:00,3,97.68703435223519
2022-01-09 10:00:00,4,93.97792608821422
2022-01-09 03:00:00,5,70.42956019265145
2022-01-10 02:00:00,1,85.60311583210583
2022-01-10 12:00:00,2,90.78722458080425
2022-01-10 03:00:00,3,121.1424445243783
2022-01-10 11:00:00,4,106.87236579136923
2022-01-10 11:00:00,5,64.73919689274533
2022-01-11 19:00:00,1,106.4816793878959
2022-01-11 08:00:00,2,92.29835439167367
2022-01-11 01:00:00,3,86.46155999388083
2022-01-11 23:00:00,4,112.23352577681736
2022-01-11 14:00:00,5,120.61999044991902
2022-01-12 17:00:00,1,118.62560238232398
2022-01-12 03:00:00,2,83.21564953554723
2022-01-12 12:00:00,3,93.81575248297571
2022-01-12 02:00:00,4,106.62526862807128
2022-01-12 17:00:00,5,119.51090254244718
2022-01-13 09:00:00,1,90.4165152430942
2022-01-13 20:00:00,2,96.28682046672365
2022-01-13 19:00:00,3,77.87330051987944
2022-01-13 11:00:00,4,76.07586751838659
2022-01-13 18:00:00,5,116.25051644788397
2022-01-14 06:00:00,1,127.12480057141646
2022-01-14 22:00:00,2,98.55979756839332
2022-01-14 02:00:00,3,120.07065795784048
2022-01-14 01:00:00,4,107.23272050095268
2022-01-14 21:00:00,5,87.09760490789752
2022-01-15 07:00:00,1,107.22791211016828
2022-01-15 09:00:00,2,130.76073132931938
2022-01-15 02:00:00,3,99.28347921780097
2022-01-15 07:00:00,4,131.29287311628013
2022-01-15 03:00:00,5,47.60509791820511
2022-01-16 12:00:00,1,116.43805008750448
2022-01-16 08:00:00,2,101.74094136476343
2022-01-16 14:00:00,3,94.01985299068265
2022-01-16 20:00:00,4,101.83521553071004
2022-01-16 11:00:00,5,60.248621707982146
2022-01-17 05:00:00,1,95.60656224324975
2022-01-17 11:00:00,2,107.14225143023492
2022-01-17 11:00:00,3,129.55788089483033
2022-01-17 06:00:00,4,89.63459563452705
2022-01-17 21:00:00,5,83.83012794213624
2022-01-18 08:00:00,1,89.96485912830927
2022-01-18 22:00:00,2,118.30804235404148
2022-01-18 21:00:00,3,106.57502219319369
2022-01-18 20:00:00,4,89.40479592465923
2022-01-18 02:00:00,5,110.26534866226712
2022-01-19 19:00:00,1,101.9415509869608
2022-01-19 20:00:00,2,119.37289981065778
2022-01-19 05:00:00,3,85.95893812245295
2022-01-19 17:00:00,4,93.44675706804463
2022-01-19 23:00:00,5,92.15783693735685
2022-01-20 07:00:00,1,70.72970103735763
2022-01-20 05:00:00,2,105.92240554129152
2022-01-20 14:00:00,3,105.22110544359779
2022-01-20 12:00:00,4,100.10226913284922
2022-01-20 08:00:00,5,95.30825733249706
2022-01-21 20:00:00,1,71.69258515899172
2022-01-21 22:00:00,2,91.58709354469282
2022-01-21 17:00:00,3,93.14570966946461
2022-01-21 07:00:00,4,83.95445461556761
2022-01-21 21:00:00,5,96.77428576667981
2022-01-22 10:00:00,1,108.08101713629077
2022-01-22 01:00:00,2,137.7237180242106
2022-01-22 07:00:00,3,103.49155625663678
2022-01-22 01:00:00,4,105.15100781445528
2022-01-22 10:00:00,5,98.51108168467665
2022-01-23 12:00:00,1,61.62457569401917
2022-01-23 08:00:00,2,99.46972249101566
2022-01-23 02:00:00,3,101.20460419882053
2022-01-23 06:00:00,4,149.26484224970574
2022-01-23 18:00:00,5,96.15278070437755
2022-01-24 22:00:00,1,106.03094684667225
2022-01-24 10:00:00,2,99.30576460589513
2022-01-24 06:00:00,3,76.62643924760935
2022-01-24 20:00:00,4,122.85645629030041
2022-01-24 15:00:00,5,115.03866065373549
2022-01-25 12:00:00,1,115.82063894086093
2022-01-25 20:00:00,2,81.81225090410521
2022-01-25 14:00:00,3,128.05588621872198
2022-01-25 04:00:00,4,71.96297874415438
2022-01-25 08:00:00,5,111.73714187600541
2022-01-26 04:00:00,1,143.80911251619958
2022-01-26 07:00:00,2,80.18927349738624
2022-01-26 23:00:00,3,88.67404540794456
2022-01-26 17:00:00,4,101.99302730175282
2022-01-26 17:00:00,5,89.93048691767602
2022-01-27 08:00:00,1,68.98673137867735
2022-01-27 23:00:00,2,101.37125949612054
2022-01-27 18:00:00,3,78.7539257254779
2022-01-27 13:00:00,4,109.47184861270364
2022-01-27 18:00:00,5,81.61151531532394
2022-01-28 12:00:00,1,130.9986881003508
2022-01-28 11:00:00,2,84.33493415327526
2022-01-28 07:00:00,3,93.55876967588648
2022-01-28 04:00:00,4,116.27034434739339
2022-01-28 16:00:00,5,75.3827136713209
2022-01-29 15:00:00,1,104.54919869208258
2022-01-29 02:00:00,2,126.14285508564856
2022-01-29 01:00:00,3,67.85033530877544
2022-01-29 03:00:00,4,103.69267717064608
2022-01-29 04:00:00,5,105.19765588496847
2022-01-30 20:00:00,1,115.6364574355462
2022-01-30 05:00:00,2,75.26098578243835
2022-01-30 21:00:00,3,73.59086773831447
2022-01-30 13:00:00,4,110.43883131233795
2022-01-30 19:00:00,5,105.93969346466372
2022-01-31 02:00:00,1,105.00985700691753
2022-01-31 12:00:00,2,106.9289641899395
2022-01-31 12:00:00,3,86.39950556843019
2022-01-31 19:00:00,4,104.64507394322007
2022-01-31 14:00:00,5,105.86144946597362
2022-02-01 16:00:00,1,85.71297163947264
2022-02-01 08:00:00,2,137.31549022289514
2022-02-01 17:00:00,3,109.47665841823576
2022-02-01 00:00:00,4,76.17393005594703
2022-02-01 21:00:00,5,113.1310721726766
2022-02-02 23:00:00,1,80.50636659545357
2022-02-02 03:00:00,2,115.74169207484904
2022-02-02 21:00:00,3,123.17191158014808
2022-02-02 17:00:00,4,83.5863536329658
2022-02-02 08:00:00,5,119.26752258488644
2022-02-03 20:00:00,1,108.25561853872996
2022-02-03 10:00:00,2,116.4412031998898
2022-02-03 03:00:00,3,137.93585965307895
2022-02-03 09:00:00,4,95.09223767994258
2022-02-03 13:00:00,5,84.9252767128502
2022-02-04 05:00:00,1,82.20971140748954
2022-02-04 14:00:00,2,83.68379430069123
2022-02-04 00:00:00,3,98.45796581171791
2022-02-04 23:00:00,4,106.82303949633288
2022-02-04 23:00:00,5,105.53381598660039
2022-02-05 08:00:00,1,116.54366498072048
2022-02-05 16:00:00,2,100.26003783755814
2022-02-05 05:00:00,3,129.07068154314635
2022-02-05 16:00:00,4,94.70686333524088
2022-02-05 03:00:00,5,154.40338333179238
2022-02-06 20:00:00,1,112.51334695530012
2022-02-06 09:00:00,2,82.85684887167434
2022-02-06 20:00:00,3,78.58215003877775
2022-02-06 16:00:00,4,109.64944830486371
2022-02-06 19:00:00,5,95.53074429348298
2022-02-07 06:00:00,1,114.28000988184183
2022-02-07 04:00:00,2,109.4647524914709
2022-02-07 11:00:00,3,98.54342174686255
2022-02-07 05:00:00,4,83.06412563863191
2022-02-07 17:00:00,5,69.70305550628271
2022-02-08 16:00:00,1,91.06970095865958
2022-02-08 00:00:00,2,117.12797588646944
2022-02-08 19:00:00,3,104.28187488260409
2022-02-08 10:00:00,4,75.08522442576023
2022-02-08 15:00:00,5,103.46361851702363
2022-02-09 00:00:00,1,107.70634759457674
2022-02-09 03:00:00,2,82.32285127597734
2022-02-09 11:00:00,3,103.07450211891056
2022-02-09 09:00:00,4,101.16417436892
2022-02-09 07:00:00,5,77.14059404338754
2022-02-10 01:00:00,1,107.15574720696567
2022-02-10 07:00:00,2,111.21569052736469
2022-02-10 18:00:00,3,121.66102486350553
2022-02-10 02:00:00,4,121.07604104069806
2022-02-10 02:00:00,5,72.44661264085818
2022-02-11 23:00:00,1,81.24349920169755
2022-02-11 15:00:00,2,110.3007053441732
2022-02-11 02:00:00,3,110.27571901824417
2022-02-11 17:00:00,4,110.30095372612095
2022-02-11 04:00:00,5,177.05462981309444
2022-02-12 04:00:00,1,111.41781021386333
2022-02-12 21:00:00,2,122.71131280361197
2022-02-12 15:00:00,3,119.08003526986406
2022-02-12 17:00:00,4,113.02782502611596
2022-02-12 05:00:00,5,93.69461510719309
2022-02-13 08:00:00,1,115.17938440986535
2022-02-13 16:00:00,2,84.54349570924856
2022-02-13 19:00:00,3,95.26362786519982
2022-02-13 13:00:00,4,90.29272904341794
2022-02-13 06:00:00,5,101.63748278772646
2022-02-14 17:00:00,1,146.29317133347018
2022-02-14 23:00:00,2,62.65469614816504
2022-02-14 22:00:00,3,113.72520380749027
2022-02-14 06:00:00,4,67.74568257620697
2022-02-14 22:00:00,5,90.56136268421133
2022-02-15 09:00:00,1,121.77901193934733
2022-02-15 12:00:00,2,101.28560038190926
2022-02-15 21:00:00,3,78.44510444141387
2022-02-15 20:00:00,4,85.69392581480064
2022-02-15 11:00:00,5,113.59195497869352
2022-02-16 14:00:00,1,85.39266736565727
2022-02-16 16:00:00,2,104.3291717916395
2022-02-16 14:00:00,3,100.91143679807628
2022-02-16 03:00:00,4,86.96799304788365
2022-02-16 07:00:00,5,142.8788817865065
2022-02-17 07:00:00,1,112.67838044636022
2022-02-17 02:00:00,2,59.49714826684786
2022-02-17 10:00:00,3,103.72908629538856
2022-02-17 00:00:00,4,86.76427070463224
2022-02-17 18:00:00,5,117.04866669592448
2022-02-18 17:00:00,1,84.14958523134598
2022-02-18 07:00:00,2,97.70527117066202
2022-02-18 18:00:00,3,110.09974557960915
2022-02-18 07:00:00,4,117.31510388340243
2022-02-18 00:00:00,5,75.99407185888447
2022-02-19 02:00:00,1,93.30997528318103
2022-02-19 22:00:00,2,90.50109377678088
2022-02-19 20:00:00,3,86.93341534852576
2022-02-19 01:00:00,4,135.30908480562192
2022-02-19 07:00:00,5,108.09963421921911
2022-02-20 02:00:00,1,74.78232091329909
2022-02-20 01:00:00,2,118.35723894109552
2022-02-20 10:00:00,3,142.44312394025266
2022-02-20 02:00:00,4,120.64930521102293
2022-02-20 16:00:00,5,69.61260068091974
2022-02-21 07:00:00,1,90.31531854267497
2022-02-21 08:00:00,2,125.33822298373245
2022-02-21 21:00:00,3,85.84661068762438
2022-02-21 15:00:00,4,108.87638856292457
2022-02-21 06:00:00,5,115.49268106858673
2022-02-22 17:00:00,1,81.46139056843833
2022-02-22 04:00:00,2,98.809492878764
2022-02-22 23:00:00,3,35.17465319861854
2022-02-22 18:00:00,4,79.51224717331421
2022-02-22 18:00:00,5,94.9486369721368
2022-02-23 15:00:00,1,75.04433636070301
2022-02-23 07:00:00,2,132.64822607863272
2022-02-23 15:00:00,3,71.39717244078734
2022-02-23 13:00:00,4,91.19911026606033
2022-02-23 06:00:00,5,102.61481154572182
2022-02-24 03:00:00,1,128.82546578132232
2022-02-24 03:00:00,2,71.2827569764112
2022-02-24 21:00:00,3,123.26327504309918
2022-02-24 13:00:00,4,100.20466122039174
2022-02-24 11:00:00,5,80.36982697904098
2022-02-25 13:00:00,1,109.24206948526542
2022-02-25 13:00:00,2,103.9811939114694
2022-02-25 14:00:00,3,87.9956624568241
2022-02-25 23:00:00,4,101.39604169980038
2022-02-25 01:00:00,5,92.2937280627648
2022-02-26 21:00:00,1,102.27034690502497
2022-02-26 20:00:00,2,113.24261349042094
2022-02-26 20:00:00,3,131.72033632290703
2022-02-26 03:00:00,4,75.24369002346302
2022-02-26 01:00:00,5,142.66066749312535
2022-02-27 12:00:00,1,60.958244009549965
2022-02-27 23:00:00,2,96.96429809928833
2022-02-27 10:00:00,3,111.76634412969153
2022-02-27 03:00:00,4,105.61983735470065
2022-02-27 07:00:00,5,87.54600960358812
2022-02-28 06:00:00,1,95.83755499285449
2022-02-28 06:00:00,2,90.13998130682334
2022-02-28 17:00:00,3,88.21270486111577
2022-02-28 14:00:00,4,116.99204194042049
2022-02-28 04:00:00,5,107.14030971930094
2022-03-01 13:00:00,1,86.14180809478691
2022-03-01 05:00:00,2,117.99199750866501
2022-03-01 08:00:00,3,106.14599041753219
2022-03-01 14:00:00,4,116.2572423767792
2022-03-01 07:00:00,5,112.59257683847224
2022-03-02 02:00:00,1,83.42009978155855
2022-03-02 14:00:00,2,88.79637919606061
2022-03-02 17:00:00,3,114.94587210246523
2022-03-02 03:00:00,4,112.2074053086693
2022-03-02 01:00:00,5,99.58196812071704
2022-03-03 20:00:00,1,102.34654766617564
2022-03-03 17:00:00,2,125.5532979157685
2022-03-03 00:00:00,3,88.1685722232834
2022-03-03 02:00:00,4,110.94194762340075
2022-03-03 07:00:00,5,95.95614695132213
2022-03-04 05:00:00,1,95.6463759354556
2022-03-04 13:00:00,2,121.9755370397438
2022-03-04 15:00:00,3,116.5083269797606
2022-03-04 15:00:00,4,116.27019272001277
2022-03-04 06:00:00,5,126.10957614308658
2022-03-05 12:00:00,1,100.42007683265518
2022-03-05 01:00:00,2,113.63905942589928
2022-03-05 05:00:00,3,93.79466486813088
2022-03-05 12:00:00,4,106.48332704976885
2022-03-05 00:00:00,5,97.39713891264631
2022-03-06 12:00:00,1,101.93991929985437
2022-03-06 08:00:00,2,111.90314050873828
2022-03-06 14:00:00,3,83.63558633533054
2022-03-06 09:00:00,4,141.8477455137092
2022-03-06 13:00:00,5,79.87965237000596
2022-03-07 22:00:00,1,75.71622774424536
2022-03-07 23:00:00,2,123.16221747000135
2022-03-07 17:00:00,3,115.83325387925872
2022-03-07 21:00:00,4,112.4823963410431
2022-03-07 22:00:00,5,112.5669101852856
2022-03-08 15:00:00,1,99.7550645430617
2022-03-08 04:00:00,2,82.05491257028336
2022-03-08 06:00:00,3,101.51609116387452
2022-03-08 09:00:00,4,86.45676576975777
2022-03-08 06:00:00,5,119.50239466835502
2022-03-09 01:00:00,1,97.05885236995722
2022-03-09 18:00:00,2,83.49005606414977
2022-03-09 23:00:00,3,93.57228316694014
2022-03-09 17:00:00,4,108.25862908551248
2022-03-09 01:00:00,5,88.7255089439205
2022-03-10 23:00:00,1,83.55559208867137
2022-03-10 10:00:00,2,104.87374422983825
2022-03-10 01:00:00,3,104.89933142217446
2022-03-10 01:00:00,4,89.8611364925774
2022-03-10 18:00:00,5,90.57923388763355
2022-03-11 15:00:00,1,104.64099874715272
2022-03-11 16:00:00,2,71.03831317005351
2022-03-11 16:00:00,3,71.8507245124689
2022-03-11 05:00:00,4,85.63111557495128
2022-03-11 01:00:00,5,95.73105696576306
2022-03-12 16:00:00,1,106.2181513119601
2022-03-12 02:00:00,2,129.50712433899105
2022-03-12 05:00:00,3,117.15319246404039
2022-03-12 02:00:00,4,96.80122940073146
2022-03-12 19:00:00,5,99.61967584194622
2022-03-13 02:00:00,1,79.94941270724382
2022-03-13 21:00:00,2,99.6297372801522
2022-03-13 07:00:00,3,94.22682722159723
2022-03-13 12:00:00,4,106.45437120676179
2022-03-13 03:00:00,5,83.45538112895355
2022-03-14 18:00:00,1,110.38693028482345
2022-03-14 07:00:00,2,130.65477826005156
2022-03-14 18:00:00,3,97.82479703086285
2022-03-14 19:00:00,4,108.03423444197882
2022-03-14 01:00:00,5,113.80287983422225
2022-03-15 19:00:00,1,91.97559056228327
2022-03-15 02:00:00,2,104.48184963620834
2022-03-15 13:00:00,3,100.2518480156359
2022-03-15 21:00:00,4,101.95352197097664
2022-03-15 18:00:00,5,84.53980432289067
2022-03-16 18:00:00,1,100.49020348517885
2022-03-16 16:00:00,2,109.95996582490899
2022-03-16 10:00:00,3,129.02287215590084
2022-03-16 08:00:00,4,119.18541652170414
2022-03-16 06:00:00,5,143.06364915023113
2022-03-17 21:00:00,1,84.65304874223901
2022-03-17 22:00:00,2,117.44641273441357
2022-03-17 10:00:00,3,103.66684011476704
2022-03-17 07:00:00,4,143.79605866435344
2022-03-17 08:00:00,5,83.83403429289697
2022-03-18 12:00:00,1,83.20556315638447
2022-03-18 04:00:00,2,88.01214709111956
2022-03-18 21:00:00,3,57.52208551380386
2022-03-18 20:00:00,4,89.48489956638478
2022-03-18 09:00:00,5,84.81734676892604
2022-03-19 14:00:00,1,103.00787572952416
2022-03-19 10:00:00,2,106.83511951554318
2022-03-19 02:00:00,3,137.52341678431773
2022-03-19 00:00:00,4,119.008476763721
2022-03-19 14:00:00,5,88.46192688675194
2022-03-20 19:00:00,1,82.03170657303284
2022-03-20 18:00:00,2,109.83838343013011
2022-03-20 03:00:00,3,73.59533585958715
2022-03-20 02:00:00,4,136.62917531708706
2022-03-20 17:00:00,5,123.58880241442574
2022-03-21 06:00:00,1,90.6164869579059
2022-03-21 16:00:00,2,65.73730941818245
2022-03-21 08:00:00,3,127.07744748330825
2022-03-21 04:00:00,4,97.70920309494764
2022-03-21 11:00:00,5,124.75632623946923
2022-03-22 02:00:00,1,68.11144682411266
2022-03-22 07:00:00,2,88.01249954092454
2022-03-22 11:00:00,3,100.10487399436366
2022-03-22 09:00:00,4,100.93961187529484
2022-03-22 05:00:00,5,90.99869057041512
2022-03-23 14:00:00,1,112.45699864694997
2022-03-23 17:00:00,2,78.6475914123481
2022-03-23 22:00:00,3,97.15241029957413
2022-03-23 09:00:00,4,102.40591263423798
2022-03-23 19:00:00,5,110.28877668117498
2022-03-24 20:00:00,1,114.2322975617778
2022-03-24 16:00:00,2,77.50715816324262
2022-03-24 00:00:00,3,69.31771658528756
2022-03-24 21:00:00,4,125.55353643797018
2022-03-24 17:00:00,5,106.64628023959183
2022-03-25 09:00:00,1,85.03026926886892
2022-03-25 21:00:00,2,131.02303951045047
2022-03-25 03:00:00,3,102.31349268585717
2022-03-25 04:00:00,4,123.58594368127653
2022-03-25 08:00:00,5,101.35036962820217
2022-03-26 03:00:00,1,141.21495849763974
2022-03-26 03:00:00,2,135.10681684886407
2022-03-26 23:00:00,3,95.02071703041852
2022-03-26 17:00:00,4,119.43141901908712
2022-03-26 04:00:00,5,112.90751899170294
2022-03-27 08:00:00,1,127.37263115064698
2022-03-27 09:00:00,2,80.70153078839792
2022-03-27 19:00:00,3,113.72102919996878
2022-03-27 06:00:00,4,121.16848973699176
2022-03-27 22:00:00,5,64.82521027153771
2022-03-28 10:00:00,1,76.3348297466845
2022-03-28 06:00:00,2,59.21535644479799
2022-03-28 21:00:00,3,94.61186331110885
2022-03-28 20:00:00,4,114.35084511591924
2022-03-28 08:00:00,5,130.04714104192055
2022-03-29 16:00:00,1,101.4818956083955
2022-03-29 15:00:00,2,132.57231091142583
2022-03-29 08:00:00,3,72.39797083570217
2022-03-29 01:00:00,4,65.9323512128969
2022-03-29 02:00:00,5,98.88904602206762
2022-03-30 20:00:00,1,107.68130897878615
2022-03-30 13:00:00,2,99.34610503811814
2022-03-30 08:00:00,3,58.65115799920247
2022-03-30 01:00:00,4,98.21759920974424
2022-03-30 00:00:00,5,73.91060998990294
2022-03-31 10:00:00,1,113.39345097660077
2022-03-31 04:00:00,2,107.33196492193696
2022-03-31 20:00:00,3,81.2024042734529
2022-03-31 08:00:00,4,89.72266165326613
2022-03-31 05:00:00,5,78.81572956222097
2022-04-01 23:00:00,1,98.74641805453656
2022-04-01 14:00:00,2,119.10284641002477
2022-04-01 17:00:00,3,80.28547907328912
2022-04-01 22:00:00,4,110.08093031035689
2022-04-01 13:00:00,5,89.39484763255118
2022-04-02 17:00:00,1,84.14254335475312
2022-04-02 00:00:00,2,97.85939280090885
2022-04-02 03:00:00,3,79.29515355161251
2022-04-02 02:00:00,4,88.92701389305635
2022-04-02 22:00:00,5,76.04244214822303
2022-04-03 04:00:00,1,139.2945026583278
2022-04-03 17:00:00,2,100.70527103943458
2022-04-03 01:00:00,3,86.00548984014829
2022-04-03 11:00:00,4,104.27959821468444
2022-04-03 18:00:00,5,97.7534390061834
2022-04-04 17:00:00,1,95.58060800933553
2022-04-04 04:00:00,2,112.2833340008685
2022-04-04 13:00:00,3,115.1501542009461
2022-04-04 04:00:00,4,89.38997704778944
2022-04-04 01:00:00,5,88.4836351871064
2022-04-05 09:00:00,1,94.49896605696712
2022-04-05 11:00:00,2,53.9615767052883
2022-04-05 01:00:00,3,69.69617875602896
2022-04-05 11:00:00,4,127.3374853488905
2022-04-05 06:00:00,5,132.89935427002567
2022-04-06 21:00:00,1,95.01927920887243
2022-04-06 07:00:00,2,111.53113926111533
2022-04-06 21:00:00,3,106.22500309087073
2022-04-06 03:00:00,4,161.57761616910477
2022-04-06 11:00:00,5,122.39149822869153
2022-04-07 17:00:00,1,97.44164817038467
2022-04-07 13:00:00,2,80.88919118799149
2022-04-07 19:00:00,3,67.87107359484855
2022-04-07 23:00:00,4,104.06927271734446
2022-04-07 04:00:00,5,84.87298509431393
2022-04-08 07:00:00,1,71.55492580804652
2022-04-08 05:00:00,2,87.06854231514947
2022-04-08 05:00:00,3,78.3690399277121
2022-04-08 13:00:00,4,133.74283270145128
2022-04-08 00:00:00,5,117.63279513898901
2022-04-09 05:00:00,1,99.84054717366766
2022-04-09 23:00:00,2,129.59888277780053
2022-04-09 10:00:00,3,101.54736615295236
2022-04-09 13:00:00,4,82.77431597343472
2022-04-09 21:00:00,5,130.46248154539313
2022-04-10 23:00:00,1,110.77820087369318
2022-04-10 07:00:00,2,79.25507691347087
2022-04-10 08:00:00,3,96.19322643832784
2022-04-10 05:00:00,4,82.48763493230486
2022-04-10 22:00:00,5,72.34400538071327
2022-04-11 03:00:00,1,118.52355095063282
2022-04-11 12:00:00,2,138.1883328094026
2022-04-11 01:00:00,3,72.02864852361718
2022-04-11 15:00:00,4,111.25938473381142
2022-04-11 07:00:00,5,86.98714861756346
2022-04-12 06:00:00,1,90.25749232470608
2022-04-12 14:00:00,2,88.15212151522262
2022-04-12 11:00:00,3,82.72018460640368
2022-04-12 09:00:00,4,100.97043255889653
2022-04-12 07:00:00,5,83.38099767177924
2022-04-13 07:00:00,1,105.40913651559677
2022-04-13 00:00:00,2,98.99523781101726
2022-04-13 21:00:00,3,95.2210390626718
2022-04-13 06:00:00,4,81.84872675916804
2022-04-13 12:00:00,5,88.46457338863334
2022-04-14 10:00:00,1,115.10782451651512
2022-04-14 08:00:00,2,110.01834375248761
2022-04-14 02:00:00,3,80.44889510402898
2022-04-14 08:00:00,4,101.98664610858452
2022-04-14 11:00:00,5,115.02774246743579
2022-04-15 20:00:00,1,66.61189437757257
2022-04-15 16:00:00,2,110.8672038475987
2022-04-15 12:00:00,3,86.74752482108306
2022-04-15 21:00:00,4,111.41197337186318
2022-04-15 17:00:00,5,84.73481686914967
2022-04-16 10:00:00,1,63.90235798670962
2022-04-16 00:00:00,2,67.44915124233674
2022-04-16 03:00:00,3,100.96169893322764
2022-04-16 08:00:00,4,105.19445003442964
2022-04-16 05:00:00,5,81.91366749791183
2022-04-17 18:00:00,1,112.77184917554747
2022-04-17 08:00:00,2,66.7695987546208
2022-04-17 01:00:00,3,98.67840402705367
2022-04-17 03:00:00,4,75.77967600475087
2022-04-17 19:00:00,5,86.96327784395682
2022-04-18 13:00:00,1,100.94797342632828
2022-04-18 11:00:00,2,82.79173269432096
2022-04-18 23:00:00,3,92.30888911540349
2022-04-18 10:00:00,4,120.1258561842888
2022-04-18 13:00:00,5,88.46216260953702
2022-04-19 19:00:00,1,116.71384224130284
2022-04-19 16:00:00,2,77.40586290684763
2022-04-19 03:00:00,3,110.59608355830565
2022-04-19 12:00:00,4,128.83137241315802
2022-04-19 18:00:00,5,50.56710999745421
2022-04-20 06:00:00,1,84.06209489059046
2022-04-20 08:00:00,2,111.5414425436108
2022-04-20 01:00:00,3,95.93909227914014
2022-04-20 22:00:00,4,107.42291746742617
2022-04-20 13:00:00,5,87.92029626568359
2022-04-21 00:00:00,1,101.731795749458
2022-04-21 16:00:00,2,96.88645529215842
2022-04-21 17:00:00,3,123.35564123319614
2022-04-21 21:00:00,4,105.08841686602426
2022-04-21 23:00:00,5,106.75205324150404
2022-04-22 23:00:00,1,91.76246067755065
2022-04-22 23:00:00,2,90.24787551855013
2022-04-22 21:00:00,3,91.34883624360758
2022-04-22 06:00:00,4,107.88904284756593
2022-04-22 11:00:00,5,91.58031038359474
2022-04-23 13:00:00,1,105.79549713792827
2022-04-23 02:00:00,2,141.50801597290877
2022-04-23 21:00:00,3,117.42249406863385
2022-04-23 10:00:00,4,93.47952935664318
2022-04-23 19:00:00,5,124.02427844327889
2022-04-24 10:00:00,1,91.83849253956897
2022-04-24 21:00:00,2,59.23750929644292
2022-04-24 03:00:00,3,79.83827378165192
2022-04-24 23:00:00,4,62.58416157948289
2022-04-24 09:00:00,5,92.96973031917383
2022-04-25 16:00:00,1,100.36836758379103
2022-04-25 09:00:00,2,133.52874624550566
2022-04-25 21:00:00,3,106.53854747528325
2022-04-25 13:00:00,4,95.61798942382272
2022-04-25 10:00:00,5,116.58811162366979
2022-04-26 12:00:00,1,55.7772938198423
2022-04-26 22:00:00,2,104.71229116217131
2022-04-26 09:00:00,3,115.41730387773933
2022-04-26 17:00:00,4,70.42827508440317
2022-04-26 04:00:00,5,122.87508086413858
2022-04-27 06:00:00,1,106.76992814988829
2022-04-27 13:00:00,2,91.69424172198397
2022-04-27 21:00:00,3,112.6556373221257
2022-04-27 12:00:00,4,145.41385715608791
2022-04-27 21:00:00,5,103.6373251011699
2022-04-28 23:00:00,1,104.96441172600672
2022-04-28 05:00:00,2,90.81278200919512
2022-04-28 19:00:00,3,83.00311261070416
2022-04-28 18:00:00,4,116.60671633088491
2022-04-28 09:00:00,5,82.87832348182266
2022-04-29 12:00:00,1,101.43132474438785
2022-04-29 17:00:00,2,90.44685106469767
2022-04-29 00:00:00,3,109.57959651492784
2022-04-29 09:00:00,4,106.67324210573896
2022-04-29 09:00:00,5,120.75079888515799
2022-04-30 06:00:00,1,89.79967202290506
2022-04-30 13:00:00,2,94.60250129413258
2022-04-30 18:00:00,3,80.42472568435386
2022-04-30 19:00:00,4,91.11413479847776
2022-04-30 20:00:00,5,107.54600986089704
2022-05-01 10:00:00,1,115.13977233290704
2022-05-01 14:00:00,2,81.5566935164475
2022-05-01 14:00:00,3,117.3921184021132
2022-05-01 14:00:00,4,127.11275717609902
2022-05-01 21:00:00,5,108.26869806447402
2022-05-02 06:00:00,1,137.53591625116132
2022-05-02 16:00:00,2,84.52421601792854
2022-05-02 15:00:00,3,75.10690593377166
2022-05-02 23:00:00,4,64.42559502191443
2022-05-02 05:00:00,5,129.92088622978366
2022-05-03 21:00:00,1,113.08731312708116
2022-05-03 02:00:00,2,98.8883065817909
2022-05-03 09:00:00,3,105.59937252639641
2022-05-03 16:00:00,4,77.49021905403247
2022-05-03 21:00:00,5,148.91503959233654
2022-05-04 20:00:00,1,102.58442363950455
2022-05-04 19:00:00,2,102.18789589209786
2022-05-04 10:00:00,3,114.51533247797384
2022-05-04 02:00:00,4,109.62018463473427
2022-05-04 07:00:00,5,104.47768048558262
2022-05-05 21:00:00,1,84.19051089109377
2022-05-05 09:00:00,2,109.42936714271991
2022-05-05 07:00:00,3,137.6404899295007
2022-05-05 06:00:00,4,126.90840092309955
2022-05-05 04:00:00,5,131.86373253278794
2022-05-06 00:00:00,1,89.7756864713763
2022-05-06 01:00:00,2,80.20790359482838
2022-05-06 07:00:00,3,97.48426159800704
2022-05-06 15:00:00,4,101.11449824577389
2022-05-06 19:00:00,5,121.88383036941897
2022-05-07 02:00:00,1,66.15070740570361
2022-05-07 14:00:00,2,130.59100638921228
2022-05-07 13:00:00,3,96.83984202842021
2022-05-07 20:00:00,4,91.4623786010516
2022-05-07 18:00:00,5,79.75791249479664
2022-05-08 06:00:00,1,66.90286656268461
2022-05-08 22:00:00,2,116.46341167923829
2022-05-08 22:00:00,3,101.46635934376808
2022-05-08 12:00:00,4,74.20078200517892
2022-05-08 15:00:00,5,74.09842455872769
2022-05-09 12:00:00,1,93.28430601419744
2022-05-09 07:00:00,2,133.38043050578784
2022-05-09 04:00:00,3,94.8081729727279
2022-05-09 20:00:00,4,69.93714093763788
2022-05-09 22:00:00,5,95.08513871828112
2022-05-10 00:00:00,1,94.54552860504658
2022-05-10 03:00:00,2,46.06226714116857
2022-05-10 13:00:00,3,98.91410266964375
2022-05-10 07:00:00,4,95.38130939582643
2022-05-10 05:00:00,5,113.92412729626837
2022-05-11 22:00:00,1,136.9791218989069
2022-05-11 16:00:00,2,122.53130059095514
2022-05-11 14:00:00,3,94.62222618890338
2022-05-11 01:00:00,4,77.86948182516659
2022-05-11 17:00:00,5,151.4671960649972
2022-05-12 07:00:00,1,101.18436868028977
2022-05-12 03:00:00,2,100.27858583825892
2022-05-12 14:00:00,3,99.51749825779993
2022-05-12 04:00:00,4,103.9616952153571
2022-05-12 14:00:00,5,97.11279176152115
2022-05-13 21:00:00,1,88.52675986239527
2022-05-13 16:00:00,2,89.06282117519216
2022-05-13 17:00:00,3,99.34493459568003
2022-05-13 19:00:00,4,89.1315045773247
2022-05-13 10:00:00,5,85.74308434645671
2022-05-14 14:00:00,1,102.12860455383793
2022-05-14 19:00:00,2,94.90045565158289
2022-05-14 23:00:00,3,130.0798597716538
2022-05-14 16:00:00,4,46.980603832139764
2022-05-14 13:00:00,5,121.83013703844924
2022-05-15 17:00:00,1,124.92170384995258
2022-05-15 14:00:00,2,58.53219535183701
2022-05-15 05:00:00,3,93.14624811839303
2022-05-15 23:00:00,4,92.57118268008418
2022-05-15 15:00:00,5,71.84976610564357
2022-05-16 14:00:00,1,84.4436662481825
2022-05-16 08:00:00,2,77.78848309068343
2022-05-16 07:00:00,3,135.04540886847246
2022-05-16 20:00:00,4,118.71356786294922
2022-05-16 08:00:00,5,125.43110189988317
2022-05-17 16:00:00,1,114.4334412808647
2022-05-17 15:00:00,2,77.41896457565542
2022-05-17 20:00:00,3,89.50959467440452
2022-05-17 07:00:00,4,109.78749122455837
2022-05-17 08:00:00,5,75.55744382216109
2022-05-18 14:00:00,1,114.25996860344776
2022-05-18 02:00:00,2,95.1934920368373
2022-05-18 22:00:00,3,92.50358384900805
2022-05-18 09:00:00,4,114.21919936406982
2022-05-18 07:00:00,5,108.8852662297208
2022-05-19 08:00:00,1,92.7806766836184
2022-05-19 10:00:00,2,123.18659606728497
2022-05-19 10:00:00,3,78.37873344800205
2022-05-19 17:00:00,4,112.31871213888527
2022-05-19 02:00:00,5,111.86202515936768
2022-05-20 04:00:00,1,93.80907121372019
2022-05-20 04:00:00,2,106.52266044484236
2022-05-20 07:00:00,3,74.97772847229393
2022-05-20 12:00:00,4,118.48054038413802
2022-05-20 22:00:00,5,96.30195727114022
2022-05-21 04:00:00,1,89.54553958961921
2022-05-21 22:00:00,2,120.98018451673778
2022-05-21 06:00:00,3,85.91312618914482
2022-05-21 02:00:00,4,71.83077407272881
2022-05-21 13:00:00,5,68.86741652952193
2022-05-22 13:00:00,1,112.12019902691279
2022-05-22 10:00:00,2,74.39141295007434
2022-05-22 17:00:00,3,135.0958836396873
2022-05-22 14:00:00,4,58.36141184232556
2022-05-22 13:00:00,5,133.92912736580075
2022-05-23 01:00:00,1,104.22034934405237
2022-05-23 06:00:00,2,98.06573776259215
2022-05-23 13:00:00,3,89.10161826382101
2022-05-23 12:00:00,4,107.98272228704141
2022-05-23 18:00:00,5,99.24730595150304
2022-05-24 22:00:00,1,122.06603764033042
2022-05-24 00:00:00,2,102.28455297324079
2022-05-24 18:00:00,3,103.00603522923755
2022-05-24 12:00:00,4,92.72775575572288
2022-05-24 15:00:00,5,98.86108752557865
2022-05-25 00:00:00,1,106.15603537784118
2022-05-25 11:00:00,2,65.7966321468675
2022-05-25 09:00:00,3,73.03629155788573
2022-05-25 12:00:00,4,114.8652818804543
2022-05-25 13:00:00,5,103.41730876255883
2022-05-26 17:00:00,1,96.32033327294641
2022-05-26 23:00:00,2,100.36867866130787
2022-05-26 23:00:00,3,106.95163410723342
2022-05-26 17:00:00,4,89.20480639381277
2022-05-26 19:00:00,5,84.43390549195375
2022-05-27 07:00:00,1,103.91690510195363
2022-05-27 15:00:00,2,80.43254444769936
2022-05-27 07:00:00,3,108.16505511428943
2022-05-27 08:00:00,4,65.9483279152432
2022-05-27 13:00:00,5,120.58311274651288
2022-05-28 15:00:00,1,109.45194964826086
2022-05-28 00:00:00,2,105.12059468627751
2022-05-28 12:00:00,3,119.65381967891028
2022-05-28 10:00:00,4,133.30948888925153
2022-05-28 21:00:00,5,120.2874013003626
2022-05-29 21:00:00,1,63.182515373367096
2022-05-29 12:00:00,2,74.40846066528597
2022-05-29 23:00:00,3,87.50362844608642
2022-05-29 05:00:00,4,100.52182100421668
2022-05-29 14:00:00,5,110.35318040938246
2022-05-30 04:00:00,1,85.48512373693069
2022-05-30 19:00:00,2,103.73533528954157
2022-05-30 17:00:00,3,84.89234135293356
2022-05-30 00:00:00,4,87.76964394016103
2022-05-30 12:00:00,5,71.86677806303555
2022-05-31 18:00:00,1,81.53533507778192
2022-05-31 18:00:00,2,72.96630788767332
2022-05-31 21:00:00,3,80.48253494045335
2022-05-31 00:00:00,4,121.07283593215679
2022-05-31 02:00:00,5,81.01202222336114
2022-06-01 20:00:00,1,152.64764129674782
2022-06-01 13:00:00,2,109.86635801761778
2022-06-01 04:00:00,3,103.69672247389748
2022-06-01 14:00:00,4,82.83284439637573
2022-06-01 05:00:00,5,114.00619758817983
2022-06-02 01:00:00,1,88.48724347524453
2022-06-02 08:00:00,2,102.44019629290723
2022-06-02 12:00:00,3,151.2016907653759
2022-06-02 10:00:00,4,98.078802005507
2022-06-02 06:00:00,5,122.98546652571352
2022-06-03 14:00:00,1,85.93647149748224
2022-06-03 10:00:00,2,99.30023019006076
2022-06-03 10:00:00,3,135.4160127127102
2022-06-03 12:00:00,4,87.46065884424465
2022-06-03 08:00:00,5,136.24897115993858
2022-06-04 13:00:00,1,114.1550387091095
2022-06-04 08:00:00,2,88.75066448211464
2022-06-04 02:00:00,3,112.64815478111042
2022-06-04 15:00:00,4,119.4510889925346
2022-06-04 00:00:00,5,112.43619924434392
2022-06-05 23:00:00,1,68.59550560219087
2022-06-05 17:00:00,2,85.45725648350263
2022-06-05 01:00:00,3,95.0496272889699
2022-06-05 11:00:00,4,98.51133141799907
2022-06-05 07:00:00,5,112.41344195101357
2022-06-06 20:00:00,1,103.55402001866507
2022-06-06 02:00:00,2,73.29311282579798
2022-06-06 20:00:00,3,107.60395702011927
2022-06-06 01:00:00,4,112.21171490567646
2022-06-06 00:00:00,5,111.1958089586208
2022-06-07 07:00:00,1,121.61561451109243
2022-06-07 06:00:00,2,116.67844309097808
2022-06-07 00:00:00,3,109.18360158456873
2022-06-07 19:00:00,4,98.59668577082707
2022-06-07 04:00:00,5,66.78078132968017
2022-06-08 07:00:00,1,108.59236438265171
2022-06-08 04:00:00,2,104.15375374326223
2022-06-08 15:00:00,3,105.43157674390747
2022-06-08 21:00:00,4,74.46502848359381
2022-06-08 03:00:00,5,78.37886919183475
2022-06-09 18:00:00,1,121.06305706665808
2022-06-09 06:00:00,2,99.2088969228669
2022-06-09 14:00:00,3,113.63001394745248
2022-06-09 22:00:00,4,100.56636752260923
2022-06-09 08:00:00,5,100.59512278991491
2022-06-10 11:00:00,1,118.76567611951995
2022-06-10 05:00:00,2,89.67910543565252
2022-06-10 19:00:00,3,101.92241553881966
2022-06-10 19:00:00,4,90.75449422589915
2022-06-10 23:00:00,5,91.31007545135368
2022-06-11 22:00:00,1,93.81655753062721
2022-06-11 03:00:00,2,104.44267543267426
2022-06-11 05:00:00,3,90.42502756673045
2022-06-11 09:00:00,4,125.11512251147042
2022-06-11 03:00:00,5,82.10785395560993
2022-06-12 18:00:00,1,96.26256711677281
2022-06-12 00:00:00,2,91.2053788345165
2022-06-12 09:00:00,3,128.93955768707465
2022-06-12 18:00:00,4,103.93109553023149
2022-06-12 21:00:00,5,120.6368907893727
2022-06-13 12:00:00,1,70.28879253926056
2022-06-13 12:00:00,2,105.34100531738518
2022-06-13 22:00:00,3,117.79261591246873
2022-06-13 06:00:00,4,101.64567978550848
2022-06-13 02:00:00,5,121.30960750130703
2022-06-14 18:00:00,1,89.65423099799256
2022-06-14 22:00:00,2,128.1869488037116
2022-06-14 20:00:00,3,145.977962472385
2022-06-14 07:00:00,4,92.74322879120682
2022-06-14 03:00:00,5,91.08994957198456
2022-06-15 22:00:00,1,129.067689542354
2022-06-15 09:00:00,2,131.59144291461425
2022-06-15 21:00:00,3,89.54279945693463
2022-06-15 19:00:00,4,91.59626365808285
2022-06-15 03:00:00,5,94.36430782278985
2022-06-16 18:00:00,1,73.11098977931445
2022-06-16 01:00:00,2,81.62696107031604
2022-06-16 11:00:00,3,79.91718466495864
2022-06-16 17:00:00,4,84.64404869791743
2022-06-16 13:00:00,5,99.30630225226437
2022-06-17 21:00:00,1,104.68429465073041
2022-06-17 11:00:00,2,131.01000985628153
2022-06-17 02:00:00,3,80.03291918522419
2022-06-17 16:00:00,4,119.68644796953167
2022-06-17 20:00:00,5,95.72022311548982
2022-06-18 10:00:00,1,99.01072580695134
2022-06-18 00:00:00,2,113.49638984333208
2022-06-18 13:00:00,3,77.54555956875403
2022-06-18 15:00:00,4,107.64819492368102
2022-06-18 03:00:00,5,103.32904416426112
2022-06-19 13:00:00,1,109.84902528016298
2022-06-19 11:00:00,2,105.78337287815636
2022-06-19 20:00:00,3,149.1060027982179
2022-06-19 14:00:00,4,87.24520031497369
2022-06-19 22:00:00,5,89.38006089996365
2022-06-20 04:00:00,1,87.53718947150472
2022-06-20 13:00:00,2,88.8904576167949
2022-06-20 05:00:00,3,87.25225745386965
2022-06-20 23:00:00,4,123.78033062215104
2022-06-20 16:00:00,5,128.4100849597971
2022-06-21 20:00:00,1,88.58507412501048
2022-06-21 08:00:00,2,83.35288853791542
2022-06-21 19:00:00,3,109.42831112772808
2022-06-21 17:00:00,4,88.95553911438057
2022-06-21 15:00:00,5,112.65863635511022
2022-06-22 14:00:00,1,104.058460417026
2022-06-22 13:00:00,2,69.68511770005536
2022-06-22 23:00:00,3,130.95010402660122
2022-06-22 18:00:00,4,135.91755346191044
2022-06-22 08:00:00,5,87.74422619031228
2022-06-23 10:00:00,1,92.24596880128031
2022-06-23 07:00:00,2,105.7173078144981
2022-06-23 02:00:00,3,106.6891357997405
2022-06-23 08:00:00,4,113.1708854534566
2022-06-23 14:00:00,5,140.204090775327
2022-06-24 07:00:00,1,96.461055450119
2022-06-24 14:00:00,2,84.03405510923092
2022-06-24 18:00:00,3,72.41361543970946
2022-06-24 19:00:00,4,85.38139920116161
2022-06-24 21:00:00,5,99.33746054252406
2022-06-25 12:00:00,1,135.89115727035576
2022-06-25 10:00:00,2,89.64777401927657
2022-06-25 00:00:00,3,104.47575903277797
2022-06-25 15:00:00,4,99.67154207854496
2022-06-25 10:00:00,5,123.76786546896167
2022-06-26 05:00:00,1,150.53864851747244
2022-06-26 15:00:00,2,89.38262454159359
2022-06-26 06:00:00,3,90.21121114963556
2022-06-26 11:00:00,4,120.88321754138144
2022-06-26 08:00:00,5,113.63782979252623
2022-06-27 10:00:00,1,136.93414651472068
2022-06-27 08:00:00,2,111.67856370651927
2022-06-27 19:00:00,3,92.81415818425882
2022-06-27 22:00:00,4,111.81309661384618
2022-06-27 08:00:00,5,122.17407161165815
2022-06-28 17:00:00,1,116.40964362394729
2022-06-28 00:00:00,2,110.14548062214595
2022-06-28 16:00:00,3,121.33349379178307
2022-06-28 06:00:00,4,123.38591180891345
2022-06-28 02:00:00,5,127.64317982075055
2022-06-29 07:00:00,1,112.97419775179286
2022-06-29 23:00:00,2,96.65763839366291
2022-06-29 13:00:00,3,102.93427372866645
2022-06-29 15:00:00,4,124.13017933016714
2022-06-29 17:00:00,5,83.66128658025528
2022-06-30 07:00:00,1,107.37346617745803
2022-06-30 22:00:00,2,92.13322375345278
2022-06-30 15:00:00,3,100.57489645869634
2022-06-30 20:00:00,4,125.56903725214598
2022-06-30 22:00:00,5,103.82198136039807
2022-07-01 15:00:00,1,100.92873096312297
2022-07-01 14:00:00,2,72.80287718040162
2022-07-01 00:00:00,3,114.92507132054442
2022-07-01 02:00:00,4,112.9096836228215
2022-07-01 09:00:00,5,143.2650944661092
2022-07-02 07:00:00,1,93.84443530093998
2022-07-02 12:00:00,2,104.38300655327878
2022-07-02 22:00:00,3,104.9876736742151
2022-07-02 07:00:00,4,131.5490655952695
2022-07-02 09:00:00,5,98.09408935226095
2022-07-03 21:00:00,1,105.58043051540679
2022-07-03 18:00:00,2,112.15793019433079
2022-07-03 11:00:00,3,103.73218246312716
2022-07-03 15:00:00,4,91.07132770898943
2022-07-03 17:00:00,5,103.88179985796616
2022-07-04 16:00:00,1,121.47263499719544
2022-07-04 11:00:00,2,79.4696940117788
2022-07-04 13:00:00,3,102.65939348293752
2022-07-04 23:00:00,4,85.99758370121654
2022-07-04 17:00:00,5,123.90093257849685
2022-07-05 10:00:00,1,69.5362619043245
2022-07-05 11:00:00,2,88.82156305456823
2022-07-05 22:00:00,3,107.54423750129041
2022-07-05 14:00:00,4,131.31048058468681
2022-07-05 08:00:00,5,98.68499477854024
2022-07-06 09:00:00,1,88.89600946613604
2022-07-06 08:00:00,2,137.6231413888118
2022-07-06 07:00:00,3,71.03972199167512
2022-07-06 03:00:00,4,56.023880867598365
2022-07-06 23:00:00,5,108.80028900106664
2022-07-07 06:00:00,1,89.95891551294778
2022-07-07 10:00:00,2,79.57534365738573
2022-07-07 03:00:00,3,114.16712894598706
2022-07-07 23:00:00,4,104.87601427542398
2022-07-07 17:00:00,5,88.71842738526543
2022-07-08 22:00:00,1,74.39391202658211
2022-07-08 05:00:00,2,117.44914656560289
2022-07-08 06:00:00,3,113.00402355917322
2022-07-08 06:00:00,4,98.01648272441234
2022-07-08 23:00:00,5,136.9327399209533
2022-07-09 15:00:00,1,78.59830467347695
2022-07-09 08:00:00,2,69.48949658150522
2022-07-09 23:00:00,3,86.16183860237511
2022-07-09 18:00:00,4,99.08827967289004
2022-07-09 16:00:00,5,104.86678898645384
2022-07-10 19:00:00,1,95.1752788428734
2022-07-10 09:00:00,2,107.04110793028593
2022-07-10 03:00:00,3,74.96921151619112
2022-07-10 06:00:00,4,128.8752920814652
2022-07-10 09:00:00,5,98.35697643214863
2022-07-11 07:00:00,1,122.34591663176255
2022-07-11 11:00:00,2,106.85450692755408
2022-07-11 05:00:00,3,109.13506438307567
2022-07-11 09:00:00,4,111.39534560464408
2022-07-11 00:00:00,5,108.9541712003463
2022-07-12 22:00:00,1,112.85445519735087
2022-07-12 17:00:00,2,126.58305060264863
2022-07-12 04:00:00,3,103.9304233940294
2022-07-12 08:00:00,4,114.18007515177024
2022-07-12 01:00:00,5,98.20528611425547
2022-07-13 01:00:00,1,128.80234430898946
2022-07-13 17:00:00,2,86.4721539588146
2022-07-13 09:00:00,3,136.0188086582163
2022-07-13 22:00:00,4,99.19684098711313
2022-07-13 04:00:00,5,71.38449795763904
2022-07-14 20:00:00,1,102.56208829821578
2022-07-14 15:00:00,2,86.37896685050238
2022-07-14 03:00:00,3,116.81287097977449
2022-07-14 00:00:00,4,86.94752041395218
2022-07-14 18:00:00,5,91.07633133570441
2022-07-15 09:00:00,1,62.209185381089384
2022-07-15 15:00:00,2,90.95387361501847
2022-07-15 15:00:00,3,51.52241346742087
2022-07-15 14:00:00,4,68.32194353028554
2022-07-15 10:00:00,5,115.20829312288595
2022-07-16 05:00:00,1,115.71600317301665
2022-07-16 01:00:00,2,108.50915123569929
2022-07-16 08:00:00,3,80.66047713741574
2022-07-16 15:00:00,4,99.0457728771604
2022-07-16 03:00:00,5,99.92794921818863
2022-07-17 02:00:00,1,76.83270621614915
2022-07-17 12:00:00,2,130.067966035343
2022-07-17 15:00:00,3,117.54724581151342
2022-07-17 02:00:00,4,95.58071652340672
2022-07-17 18:00:00,5,100.53771677989062
2022-07-18 20:00:00,1,104.16765615895105
2022-07-18 21:00:00,2,59.16530263151419
2022-07-18 01:00:00,3,95.05645234958806
2022-07-18 04:00:00,4,86.36031504004403
2022-07-18 04:00:00,5,79.96759980210169
2022-07-19 18:00:00,1,94.3779941422809
2022-07-19 09:00:00,2,135.95373053699046
2022-07-19 02:00:00,3,112.8168572253402
2022-07-19 07:00:00,4,88.57642020434406
2022-07-19 03:00:00,5,111.45165562712317
2022-07-20 17:00:00,1,127.98710873172004
2022-07-20 13:00:00,2,118.49267365825537
2022-07-20 19:00:00,3,101.19260739840348
2022-07-20 19:00:00,4,87.06126444588853
2022-07-20 19:00:00,5,113.96446627227179
2022-07-21 07:00:00,1,107.86970770843499
2022-07-21 16:00:00,2,117.90386440055465
2022-07-21 12:00:00,3,112.70343603363939
2022-07-21 14:00:00,4,120.9910543063867
2022-07-21 14:00:00,5,89.29529576878863
2022-07-22 09:00:00,1,126.34788131268651
2022-07-22 18:00:00,2,103.95199209384799
2022-07-22 13:00:00,3,141.5052174525053
2022-07-22 09:00:00,4,86.21624363820864
2022-07-22 18:00:00,5,134.719276063305
2022-07-23 19:00:00,1,103.95821566925295
2022-07-23 01:00:00,2,86.97163992771104
2022-07-23 19:00:00,3,90.32228331891356
2022-07-23 23:00:00,4,93.5930538361136
2022-07-23 03:00:00,5,108.48331892803833
2022-07-24 06:00:00,1,110.45670976071
2022-07-24 20:00:00,2,88.52599992122842
2022-07-24 06:00:00,3,99.51290815478035
2022-07-24 08:00:00,4,142.8454071722373
2022-07-24 21:00:00,5,134.55086340201422
2022-07-25 02:00:00,1,108.72647339348065
2022-07-25 05:00:00,2,100.760069563364
2022-07-25 07:00:00,3,102.40062653436523
2022-07-25 05:00:00,4,112.27035945460833
2022-07-25 17:00:00,5,79.5441486960319
2022-07-26 02:00:00,1,94.8524692515331
2022-07-26 05:00:00,2,66.62831852244821
2022-07-26 00:00:00,3,107.98446245210559
2022-07-26 13:00:00,4,112.94391879405482
2022-07-26 14:00:00,5,90.33627075401252
2022-07-27 22:00:00,1,131.47973526580066
2022-07-27 19:00:00,2,75.48468673995318
2022-07-27 15:00:00,3,70.7125023958036
2022-07-27 09:00:00,4,104.48903637119945
2022-07-27 01:00:00,5,120.94196605224309
2022-07-28 07:00:00,1,133.67855382915738
2022-07-28 09:00:00,2,90.8223147426212
2022-07-28 22:00:00,3,121.57361666862592
2022-07-28 09:00:00,4,99.22983060998585
2022-07-28 22:00:00,5,96.54745400118361
2022-07-29 14:00:00,1,117.67319874973344
2022-07-29 02:00:00,2,113.0464575682684
2022-07-29 21:00:00,3,68.47215686031501
2022-07-29 07:00:00,4,129.53080699451792
2022-07-29 08:00:00,5,127.60182708294903
2022-07-30 20:00:00,1,87.48874596980941
2022-07-30 18:00:00,2,107.91607066874818
2022-07-30 21:00:00,3,109.88060372565478
2022-07-30 06:00:00,4,105.21347531647814
2022-07-30 13:00:00,5,88.9938969230916
2022-07-31 03:00:00,1,86.56753264123897
2022-07-31 17:00:00,2,99.48891858017109
2022-07-31 07:00:00,3,123.45458038518728
2022-07-31 20:00:00,4,110.87200309188864
2022-07-31 04:00:00,5,92.58771335827788
2022-08-01 08:00:00,1,115.43397421296689
2022-08-01 04:00:00,2,43.02914758739849
2022-08-01 02:00:00,3,122.97531400744207
2022-08-01 01:00:00,4,65.20572442443802
2022-08-01 05:00:00,5,92.75118117193736
2022-08-02 09:00:00,1,77.60660210747713
2022-08-02 19:00:00,2,74.10637048558189
2022-08-02 23:00:00,3,123.21653574757039
2022-08-02 18:00:00,4,90.64597597376218
2022-08-02 09:00:00,5,106.93007763461432
2022-08-03 14:00:00,1,99.06158842241632
2022-08-03 03:00:00,2,109.54081654446243
2022-08-03 14:00:00,3,101.53643782120511
2022-08-03 22:00:00,4,74.3401555162286
2022-08-03 09:00:00,5,119.9253363889428
2022-08-04 22:00:00,1,90.12486833677374
2022-08-04 12:00:00,2,68.86836202680499
2022-08-04 08:00:00,3,91.43769678068175
2022-08-04 16:00:00,4,130.01519581268622
2022-08-04 17:00:00,5,117.00443484226986
2022-08-05 15:00:00,1,93.02695731184282
2022-08-05 14:00:00,2,93.01484591363142
2022-08-05 02:00:00,3,93.56729897565235
2022-08-05 19:00:00,4,141.53495967121682
2022-08-05 01:00:00,5,107.63870904463107
2022-08-06 13:00:00,1,108.60083294382139
2022-08-06 23:00:00,2,120.60566908063684
2022-08-06 10:00:00,3,104.77578318053027
2022-08-06 19:00:00,4,94.81915708358594
2022-08-06 08:00:00,5,96.07300301830044
2022-08-07 00:00:00,1,98.56797481171873
2022-08-07 02:00:00,2,99.25555526980317
2022-08-07 07:00:00,3,114.5525908727396
2022-08-07 21:00:00,4,101.03891771614599
2022-08-07 18:00:00,5,114.65280154431159
2022-08-08 18:00:00,1,98.38566839782835
2022-08-08 00:00:00,2,101.57270380632181
2022-08-08 21:00:00,3,60.035986309357845
2022-08-08 08:00:00,4,118.32655349404963
2022-08-08 18:00:00,5,106.92976951795985
2022-08-09 01:00:00,1,119.96020219719304
2022-08-09 05:00:00,2,42.07489243612621
2022-08-09 15:00:00,3,141.76749409561455
2022-08-09 16:00:00,4,97.20820743689653
2022-08-09 20:00:00,5,122.16365633475033
2022-08-10 14:00:00,1,79.20188145748938
2022-08-10 08:00:00,2,112.2554781012514
2022-08-10 05:00:00,3,78.93168873652688
2022-08-10 18:00:00,4,87.5246207860839
2022-08-10 13:00:00,5,138.28062707733574
2022-08-11 20:00:00,1,96.18635198473307
2022-08-11 15:00:00,2,104.34865746359446
2022-08-11 02:00:00,3,117.40135461377508
2022-08-11 15:00:00,4,109.91363775945209
2022-08-11 11:00:00,5,103.00837810287153
2022-08-12 13:00:00,1,107.2992200493245
2022-08-12 10:00:00,2,148.0683117047655
2022-08-12 10:00:00,3,98.8476240593283
2022-08-12 21:00:00,4,104.02198093429935
2022-08-12 03:00:00,5,121.01308792015224
2022-08-13 05:00:00,1,122.11051865915968
2022-08-13 10:00:00,2,123.7406061112076
2022-08-13 13:00:00,3,112.77460444058369
2022-08-13 22:00:00,4,77.13990174539033
2022-08-13 15:00:00,5,132.6686306460219
2022-08-14 09:00:00,1,77.07309213962624
2022-08-14 21:00:00,2,106.05270930478066
2022-08-14 12:00:00,3,84.91448299961284
2022-08-14 17:00:00,4,98.71723306814015
2022-08-14 01:00:00,5,106.5752482060696
2022-08-15 14:00:00,1,106.42714430900546
2022-08-15 02:00:00,2,108.4384150847057
2022-08-15 10:00:00,3,132.27422538117293
2022-08-15 08:00:00,4,109.0706860302796
2022-08-15 10:00:00,5,95.11686729418703
2022-08-16 03:00:00,1,119.28174336576714
2022-08-16 12:00:00,2,123.78940977849281
2022-08-16 16:00:00,3,75.44784369726015
2022-08-16 00:00:00,4,111.94800139699716
2022-08-16 21:00:00,5,114.02345484621796
2022-08-17 17:00:00,1,94.04872993280016
2022-08-17 14:00:00,2,127.51413626623238
2022-08-17 13:00:00,3,96.99888825934947
2022-08-17 01:00:00,4,102.51152906943085
2022-08-17 06:00:00,5,96.5385635143226
2022-08-18 16:00:00,1,100.31158095162935
2022-08-18 11:00:00,2,78.07449826209597
2022-08-18 19:00:00,3,71.19898234811411
2022-08-18 15:00:00,4,131.89010126449944
2022-08-18 20:00:00,5,83.06077303363344
2022-08-19 14:00:00,1,80.17215301087386
2022-08-19 01:00:00,2,56.932197727925704
2022-08-19 06:00:00,3,87.22076504620995
2022-08-19 08:00:00,4,73.53820413185004
2022-08-19 17:00:00,5,132.8403032027274
2022-08-20 04:00:00,1,120.19634178685268
2022-08-20 09:00:00,2,86.23699309644553
2022-08-20 14:00:00,3,145.04871610688616
2022-08-20 22:00:00,4,119.63530973983188
2022-08-20 15:00:00,5,93.50337232982756
2022-08-21 03:00:00,1,50.01188570252854
2022-08-21 00:00:00,2,145.81885145181485
2022-08-21 20:00:00,3,72.20855066472808
2022-08-21 19:00:00,4,67.09202506086217
2022-08-21 07:00:00,5,120.45140864019281
2022-08-22 22:00:00,1,148.79504812678545
2022-08-22 05:00:00,2,127.68545637021036
2022-08-22 09:00:00,3,111.27818240104719
2022-08-22 17:00:00,4,111.89508683330573
2022-08-22 00:00:00,5,117.06831117560615
2022-08-23 17:00:00,1,115.17857179573531
2022-08-23 13:00:00,2,105.62382847938751
2022-08-23 02:00:00,3,102.08402207903752
2022-08-23 07:00:00,4,98.74813744200955
2022-08-23 03:00:00,5,84.92070822266648
2022-08-24 14:00:00,1,94.38649846266452
2022-08-24 03:00:00,2,66.1408637160923
2022-08-24 20:00:00,3,98.033207464105
2022-08-24 04:00:00,4,80.22817785698166
2022-08-24 15:00:00,5,77.92821365568457
2022-08-25 22:00:00,1,103.59788302306957
2022-08-25 09:00:00,2,127.84004572689199
2022-08-25 16:00:00,3,118.36633212004625
2022-08-25 22:00:00,4,68.58998792753646
2022-08-25 08:00:00,5,80.20743726859325
2022-08-26 13:00:00,1,118.81542375976431
2022-08-26 15:00:00,2,80.35025212923381
2022-08-26 15:00:00,3,95.50733700005951
2022-08-26 07:00:00,4,111.00104198049104
2022-08-26 14:00:00,5,80.6331109027273
2022-08-27 17:00:00,1,102.1075101229192
2022-08-27 04:00:00,2,73.3194901016359
2022-08-27 12:00:00,3,87.97264712097572
2022-08-27 06:00:00,4,106.39563868285074
2022-08-27 19:00:00,5,68.14012532936661
2022-08-28 16:00:00,1,108.80949475920798
2022-08-28 23:00:00,2,99.60724402146637
2022-08-28 04:00:00,3,111.04979908834295
2022-08-28 02:00:00,4,104.47828268129322
2022-08-28 08:00:00,5,127.28280859947688
2022-08-29 13:00:00,1,102.50449005295815
2022-08-29 10:00:00,2,91.41188917749494
2022-08-29 16:00:00,3,102.44595006064567
2022-08-29 08:00:00,4,110.86596058072776
2022-08-29 00:00:00,5,100.97720140651408
2022-08-30 09:00:00,1,100.81183382407765
2022-08-30 23:00:00,2,85.96016624386489
2022-08-30 09:00:00,3,86.74198164898104
2022-08-30 18:00:00,4,71.94789456400613
2022-08-30 18:00:00,5,134.9915348637388
2022-08-31 21:00:00,1,75.1227352921743
2022-08-31 15:00:00,2,86.14189604408185
2022-08-31 04:00:00,3,85.63185468861604
2022-08-31 14:00:00,4,117.89848753888883
2022-08-31 17:00:00,5,94.10100643415944
2022-09-01 15:00:00,1,124.95484145347467
2022-09-01 11:00:00,2,86.53018751512263
2022-09-01 10:00:00,3,105.57988324447604
2022-09-01 17:00:00,4,83.29305893480486
2022-09-01 17:00:00,5,142.90298255546776
2022-09-02 12:00:00,1,76.24803161940974
2022-09-02 14:00:00,2,106.19641420454055
2022-09-02 10:00:00,3,112.67553761864197
2022-09-02 06:00:00,4,108.27598194902997
2022-09-02 22:00:00,5,96.29424682244583
2022-09-03 07:00:00,1,97.40358600533148
2022-09-03 18:00:00,2,100.87622943958219
2022-09-03 12:00:00,3,97.05995996743023
2022-09-03 07:00:00,4,119.27758233589819
2022-09-03 13:00:00,5,144.21046003182704
2022-09-04 01:00:00,1,88.85016429984333
2022-09-04 10:00:00,2,72.60394040841845
2022-09-04 23:00:00,3,98.23435903297491
2022-09-04 15:00:00,4,151.59418675308638
2022-09-04 22:00:00,5,83.92650864060539
2022-09-05 12:00:00,1,132.78233610888134
2022-09-05 12:00:00,2,133.55401628152882
2022-09-05 21:00:00,3,88.9282351658401
2022-09-05 20:00:00,4,111.37966158370551
2022-09-05 04:00:00,5,132.56793246257075
2022-09-06 15:00:00,1,92.41744518025025
2022-09-06 01:00:00,2,95.92839279795277
2022-09-06 04:00:00,3,88.36638172102712
2022-09-06 16:00:00,4,79.70486538614267
2022-09-06 18:00:00,5,87.01444909867986
2022-09-07 10:00:00,1,75.52119466475487
2022-09-07 03:00:00,2,100.68166936518452
2022-09-07 14:00:00,3,84.60053537882716
2022-09-07 03:00:00,4,104.67571823581495
2022-09-07 16:00:00,5,68.88208707592746
2022-09-08 14:00:00,1,106.61760464428914
2022-09-08 00:00:00,2,116.6705792321785
2022-09-08 23:00:00,3,60.12528714857089
2022-09-08 04:00:00,4,107.48113139695144
2022-09-08 13:00:00,5,124.55337984946584
2022-09-09 20:00:00,1,75.8071796261759
2022-09-09 04:00:00,2,133.45144773675406
2022-09-09 02:00:00,3,108.38038018732091
2022-09-09 15:00:00,4,85.89976288483183
2022-09-09 08:00:00,5,98.88461844684588
2022-09-10 10:00:00,1,111.16653825043444
2022-09-10 19:00:00,2,101.52010782824823
2022-09-10 22:00:00,3,110.77511984892739
2022-09-10 12:00:00,4,81.58652813841267
2022-09-10 20:00:00,5,103.38721648072156
2022-09-11 02:00:00,1,71.7257100619004
2022-09-11 10:00:00,2,97.775478773026
2022-09-11 21:00:00,3,81.92184717070421
2022-09-11 17:00:00,4,85.28940114820466
2022-09-11 12:00:00,5,124.72186350420876
2022-09-12 10:00:00,1,121.82620241188538
2022-09-12 20:00:00,2,112.18276241814354
2022-09-12 22:00:00,3,78.15374470654842
2022-09-12 15:00:00,4,93.67183100610396
2022-09-12 17:00:00,5,124.26195399958367
2022-09-13 01:00:00,1,102.83433827279809
2022-09-13 19:00:00,2,146.3865907996339
2022-09-13 02:00:00,3,107.86635678788744
2022-09-13 07:00:00,4,103.84098232980062
2022-09-13 20:00:00,5,93.81767071594997
2022-09-14 21:00:00,1,102.67081809564564
2022-09-14 09:00:00,2,96.95060327238912
2022-09-14 07:00:00,3,114.1621735337718
2022-09-14 23:00:00,4,119.13404633589168
2022-09-14 02:00:00,5,84.28021078984101
2022-09-15 13:00:00,1,73.37534092884444
2022-09-15 03:00:00,2,63.27589253793407
2022-09-15 20:00:00,3,110.15982653825087
2022-09-15 22:00:00,4,77.93266787652253
2022-09-15 03:00:00,5,56.94218814095034
2022-09-16 14:00:00,1,107.77157209061929
2022-09-16 05:00:00,2,149.8599903486558
2022-09-16 22:00:00,3,99.87858176920213
2022-09-16 09:00:00,4,116.76981548903284
2022-09-16 00:00:00,5,101.6365871709513
2022-09-17 01:00:00,1,98.02220693617714
2022-09-17 10:00:00,2,118.38152965975537
2022-09-17 01:00:00,3,94.19450911622697
2022-09-17 09:00:00,4,105.34784628143805
2022-09-17 11:00:00,5,106.43395612392027
2022-09-18 11:00:00,1,86.63819092713902
2022-09-18 13:00:00,2,119.84084699073045
2022-09-18 04:00:00,3,96.50080486609183
2022-09-18 07:00:00,4,84.88509681014311
2022-09-18 16:00:00,5,110.73019687140807
2022-09-19 13:00:00,1,82.03064036417925
2022-09-19 18:00:00,2,100.56362314738257
2022-09-19 21:00:00,3,99.81762006711593
2022-09-19 05:00:00,4,121.71791131663156
2022-09-19 05:00:00,5,109.49396465759905
2022-09-20 05:00:00,1,99.49946082509712
2022-09-20 02:00:00,2,116.35532598400574
2022-09-20 19:00:00,3,127.80415098034626
2022-09-20 12:00:00,4,111.15620612703725
2022-09-20 19:00:00,5,100.20705239686761
2022-09-21 21:00:00,1,73.7632753529968
2022-09-21 07:00:00,2,78.69772673849255
2022-09-21 15:00:00,3,93.89550591290664
2022-09-21 18:00:00,4,87.80975595681434
2022-09-21 04:00:00,5,96.26057394029108
2022-09-22 07:00:00,1,101.13299849794214
2022-09-22 14:00:00,2,110.59385508713461
2022-09-22 20:00:00,3,98.59002443881818
2022-09-22 08:00:00,4,109.73003287652404
2022-09-22 14:00:00,5,101.2894882962024
2022-09-23 08:00:00,1,60.490668672922574
2022-09-23 21:00:00,2,81.21329212362491
2022-09-23 00:00:00,3,97.1182488855677
2022-09-23 14:00:00,4,75.80610514317785
2022-09-23 09:00:00,5,111.9985745999241
2022-09-24 21:00:00,1,130.61501664687395
2022-09-24 17:00:00,2,124.37523703394633
2022-09-24 05:00:00,3,95.73114258139584
2022-09-24 02:00:00,4,129.81452273699904
2022-09-24 14:00:00,5,102.97334914404223
2022-09-25 11:00:00,1,93.25828057763921
2022-09-25 18:00:00,2,87.7319467291812
2022-09-25 09:00:00,3,93.95060627023743
2022-09-25 20:00:00,4,92.23646362917543
2022-09-25 13:00:00,5,103.40832444750976
2022-09-26 22:00:00,1,103.2114796209973
2022-09-26 08:00:00,2,100.0609204030683
2022-09-26 14:00:00,3,108.73876339492699
2022-09-26 09:00:00,4,123.81292549572683
2022-09-26 06:00:00,5,118.99108270882647
2022-09-27 12:00:00,1,70.30204063100193
2022-09-27 15:00:00,2,48.9215773019609
2022-09-27 03:00:00,3,118.68639822478548
2022-09-27 07:00:00,4,72.66242603169158
2022-09-27 12:00:00,5,95.50469196214632
2022-09-28 18:00:00,1,76.59773947881281
2022-09-28 11:00:00,2,63.9603912483996
2022-09-28 18:00:00,3,110.82925456409576
2022-09-28 09:00:00,4,115.18310320605293
2022-09-28 22:00:00,5,88.4697919854656
2022-09-29 09:00:00,1,48.179154157101806
2022-09-29 00:00:00,2,89.07511103495034
2022-09-29 21:00:00,3,107.83608010805094
2022-09-29 12:00:00,4,70.42176862451743
2022-09-29 08:00:00,5,103.66719839558311
2022-09-30 00:00:00,1,99.69380301654009
2022-09-30 18:00:00,2,111.58582999202177
2022-09-30 21:00:00,3,102.39160736828306
2022-09-30 23:00:00,4,80.53862118236889
2022-09-30 01:00:00,5,123.93143003328983
2022-10-01 19:00:00,1,96.8294085394606
2022-10-01 23:00:00,2,99.45390920980137
2022-10-01 15:00:00,3,81.33464081853609
2022-10-01 09:00:00,4,91.13435497616979
2022-10-01 07:00:00,5,82.30394571946198
2022-10-02 19:00:00,1,96.54107880153154
2022-10-02 11:00:00,2,134.23416960284686
2022-10-02 07:00:00,3,72.56197714137286
2022-10-02 20:00:00,4,67.72877204246518
2022-10-02 06:00:00,5,129.42340654987217
2022-10-03 19:00:00,1,95.81352645696268
2022-10-03 08:00:00,2,86.61854522680167
2022-10-03 21:00:00,3,120.79809374792153
2022-10-03 23:00:00,4,87.88768920526272
2022-10-03 21:00:00,5,136.52019427093873
2022-10-04 21:00:00,1,113.55851742678539
2022-10-04 04:00:00,2,90.24177183708595
2022-10-04 20:00:00,3,143.14616426531006
2022-10-04 03:00:00,4,87.88570153993324
2022-10-04 20:00:00,5,114.84190744018613
2022-10-05 20:00:00,1,105.98585160812983
2022-10-05 01:00:00,2,126.03482578797596
2022-10-05 09:00:00,3,131.23022393453707
2022-10-05 14:00:00,4,100.64008298131533
2022-10-05 01:00:00,5,84.93164259307633
2022-10-06 18:00:00,1,109.19944285878233
2022-10-06 11:00:00,2,86.44569260495788
2022-10-06 23:00:00,3,140.26774495053246
2022-10-06 04:00:00,4,102.73070662165475
2022-10-06 02:00:00,5,92.69356897375782
2022-10-07 09:00:00,1,103.69360611729817
2022-10-07 10:00:00,2,73.05747420940607
2022-10-07 23:00:00,3,80.56771922978697
2022-10-07 13:00:00,4,124.00827815888852
2022-10-07 05:00:00,5,86.86211442057208
2022-10-08 06:00:00,1,79.0617803463612
2022-10-08 04:00:00,2,110.73305505054572
2022-10-08 17:00:00,3,123.71408309325994
2022-10-08 11:00:00,4,114.37906621330134
2022-10-08 16:00:00,5,119.92095371611633
2022-10-09 16:00:00,1,84.86409822861079
2022-10-09 08:00:00,2,71.56378666516312
2022-10-09 05:00:00,3,130.02667303910974
2022-10-09 08:00:00,4,93.54640322315728
2022-10-09 15:00:00,5,94.98333967089906
2022-10-10 09:00:00,1,126.56388283698115
2022-10-10 23:00:00,2,111.1246001880132
2022-10-10 10:00:00,3,109.11775544163216
2022-10-10 03:00:00,4,143.30004689802166
2022-10-10 14:00:00,5,87.12963539239715
2022-10-11 02:00:00,1,118.55680256162475
2022-10-11 04:00:00,2,101.14026249794169
2022-10-11 07:00:00,3,105.37184557726513
2022-10-11 21:00:00,4,130.56936852825064
2022-10-11 23:00:00,5,110.15671512579247
2022-10-12 21:00:00,1,110.76592158099265
2022-10-12 12:00:00,2,121.45014674619604
2022-10-12 17:00:00,3,92.70094540914229
2022-10-12 11:00:00,4,83.21580665321987
2022-10-12 02:00:00,5,79.10381611957934
2022-10-13 12:00:00,1,60.67286821247996
2022-10-13 00:00:00,2,141.12414259880643
2022-10-13 08:00:00,3,77.93583268556634
2022-10-13 17:00:00,4,95.57492752828456
2022-10-13 03:00:00,5,94.46373400222159
2022-10-14 14:00:00,1,106.14813395618202
2022-10-14 11:00:00,2,116.31474425078594
2022-10-14 21:00:00,3,117.2094697671949
2022-10-14 23:00:00,4,88.33845122862124
2022-10-14 21:00:00,5,96.65756572427178
2022-10-15 08:00:00,1,105.65159900976599
2022-10-15 18:00:00,2,95.02617747632905
2022-10-15 12:00:00,3,132.14691152039984
2022-10-15 20:00:00,4,109.81949903276502
2022-10-15 11:00:00,5,114.69755572099635
2022-10-16 03:00:00,1,113.25762537334825
2022-10-16 21:00:00,2,123.4694771497065
2022-10-16 07:00:00,3,103.62043117407414
2022-10-16 15:00:00,4,74.06336104088307
2022-10-16 00:00:00,5,107.99375903505283
2022-10-17 19:00:00,1,86.97286212416341
2022-10-17 17:00:00,2,89.42766636500487
2022-10-17 10:00:00,3,111.72728037510187
2022-10-17 19:00:00,4,124.76566142867271
2022-10-17 07:00:00,5,100.42543153472123
2022-10-18 20:00:00,1,106.17666025197927
2022-10-18 02:00:00,2,134.04429889270477
2022-10-18 20:00:00,3,104.81506358977137
2022-10-18 14:00:00,4,152.0336622836079
2022-10-18 22:00:00,5,111.31019291263088
2022-10-19 09:00:00,1,64.78474481688365
2022-10-19 20:00:00,2,115.06683242209066
2022-10-19 13:00:00,3,107.62316769765556
2022-10-19 03:00:00,4,125.79505508165491
2022-10-19 04:00:00,5,113.46362702539916
2022-10-20 01:00:00,1,97.23088032032453
2022-10-20 01:00:00,2,75.51403527421269
2022-10-20 09:00:00,3,95.8195348542795
2022-10-20 15:00:00,4,82.989590915814
2022-10-20 03:00:00,5,88.38953100390555
2022-10-21 03:00:00,1,111.7715680884122
2022-10-21 07:00:00,2,133.39809008702812
2022-10-21 17:00:00,3,107.89343059645962
2022-10-21 04:00:00,4,76.0823387592963
2022-10-21 12:00:00,5,108.89205336440281
2022-10-22 14:00:00,1,123.93262973291303
2022-10-22 11:00:00,2,87.80434191361236
2022-10-22 21:00:00,3,97.31965666654165
2022-10-22 23:00:00,4,100.29376389458395
2022-10-22 22:00:00,5,84.30203373835519
2022-10-23 17:00:00,1,112.96560867687718
2022-10-23 13:00:00,2,97.58103702784437
2022-10-23 18:00:00,3,108.39064887814055
2022-10-23 23:00:00,4,82.25015644395799
2022-10-23 23:00:00,5,91.25083399353178
2022-10-24 04:00:00,1,114.44762715655543
2022-10-24 13:00:00,2,92.54333695816466
2022-10-24 20:00:00,3,134.5392770246681
2022-10-24 03:00:00,4,92.00727628770795
2022-10-24 15:00:00,5,104.49369451503772
2022-10-25 19:00:00,1,118.65181663746179
2022-10-25 13:00:00,2,71.63268534133937
2022-10-25 08:00:00,3,64.78382376038448
2022-10-25 01:00:00,4,69.4868737085981
2022-10-25 22:00:00,5,125.25168206854364
2022-10-26 11:00:00,1,88.96283708215107
2022-10-26 06:00:00,2,151.16398571336504
2022-10-26 14:00:00,3,88.71504802685223
2022-10-26 14:00:00,4,103.69102606394074
2022-10-26 07:00:00,5,130.8421990513575
2022-10-27 11:00:00,1,140.12185776318245
2022-10-27 03:00:00,2,141.23007153272795
2022-10-27 21:00:00,3,124.16732461186285
2022-10-27 11:00:00,4,120.48125051622925
2022-10-27 17:00:00,5,111.85053898402366
2022-10-28 20:00:00,1,115.56722152333276
2022-10-28 11:00:00,2,88.97628567342933
2022-10-28 01:00:00,3,83.63602233155386
2022-10-28 12:00:00,4,99.93251085178096
2022-10-28 08:00:00,5,96.59630754950143
2022-10-29 06:00:00,1,90.9354390134545
2022-10-29 03:00:00,2,113.92774894913431
2022-10-29 14:00:00,3,119.10610417141021
2022-10-29 02:00:00,4,101.76813772583695
2022-10-29 21:00:00,5,129.55060162110524
2022-10-30 06:00:00,1,77.1662177173299
2022-10-30 20:00:00,2,96.12681081440564
2022-10-30 20:00:00,3,85.66355358794391
2022-10-30 19:00:00,4,62.6692676585388
2022-10-30 00:00:00,5,98.34638628314602
2022-10-31 01:00:00,1,97.56504983233432
2022-10-31 10:00:00,2,130.26899486484263
2022-10-31 07:00:00,3,112.61623369109554
2022-10-31 04:00:00,4,79.51626351341591
2022-10-31 18:00:00,5,137.08185132668376
2022-11-01 06:00:00,1,124.42067391050706
2022-11-01 02:00:00,2,111.64195406937232
2022-11-01 17:00:00,3,95.47031802300336
2022-11-01 06:00:00,4,80.81121526553041
2022-11-01 18:00:00,5,92.55586447857894
2022-11-02 06:00:00,1,121.77497239408372
2022-11-02 07:00:00,2,137.69172611869217
2022-11-02 10:00:00,3,130.86487056544377
2022-11-02 04:00:00,4,90.22301156427451
2022-11-02 19:00:00,5,77.60765133421978
2022-11-03 00:00:00,1,102.81772493822407
2022-11-03 08:00:00,2,64.63121268874298
2022-11-03 04:00:00,3,106.46335428369562
2022-11-03 04:00:00,4,97.04794827402662
2022-11-03 17:00:00,5,90.67926996263516
2022-11-04 08:00:00,1,68.10593865466409
2022-11-04 05:00:00,2,110.27200213139433
2022-11-04 03:00:00,3,89.34598320676177
2022-11-04 21:00:00,4,76.60166328579425
2022-11-04 00:00:00,5,42.55475573436701
2022-11-05 04:00:00,1,99.44970189898727
2022-11-05 00:00:00,2,135.4450319333949
2022-11-05 11:00:00,3,133.2251842909574
2022-11-05 07:00:00,4,90.85807486827457
2022-11-05 18:00:00,5,87.95575879276439
2022-11-06 10:00:00,1,109.37548512150047
2022-11-06 00:00:00,2,80.03229121623417
2022-11-06 05:00:00,3,106.03583799638932
2022-11-06 08:00:00,4,115.32160556769381
2022-11-06 01:00:00,5,124.53866447768615
2022-11-07 04:00:00,1,97.99691847040094
2022-11-07 23:00:00,2,95.92652499646069
2022-11-07 13:00:00,3,82.44034826486877
2022-11-07 16:00:00,4,83.4623929192028
2022-11-07 03:00:00,5,95.47042216196947
2022-11-08 23:00:00,1,107.34731013632356
2022-11-08 02:00:00,2,118.27169252466499
2022-11-08 15:00:00,3,83.9364209863931
2022-11-08 14:00:00,4,129.85377137919045
2022-11-08 11:00:00,5,94.57752797914863
2022-11-09 16:00:00,1,99.57265411303128
2022-11-09 18:00:00,2,85.05576641704353
2022-11-09 03:00:00,3,51.515194794541166
2022-11-09 14:00:00,4,117.680907927221
2022-11-09 16:00:00,5,114.73687794184866
2022-11-10 07:00:00,1,94.37344885763574
2022-11-10 19:00:00,2,101.33981434449744
2022-11-10 01:00:00,3,110.31878435408198
2022-11-10 23:00:00,4,68.74908286226915
2022-11-10 21:00:00,5,89.4189464530741
2022-11-11 16:00:00,1,115.88529359243654
2022-11-11 09:00:00,2,74.91421153661501
2022-11-11 14:00:00,3,105.87115864333259
2022-11-11 20:00:00,4,72.8683639075319
2022-11-11 00:00:00,5,109.32859964867053
2022-11-12 01:00:00,1,99.28717035405033
2022-11-12 15:00:00,2,67.69736368188981
2022-11-12 12:00:00,3,123.29478708914343
2022-11-12 13:00:00,4,85.30816846403901
2022-11-12 21:00:00,5,83.79495125971238
2022-11-13 03:00:00,1,104.01138394461886
2022-11-13 15:00:00,2,122.9727469885743
2022-11-13 22:00:00,3,79.68356362043207
2022-11-13 14:00:00,4,101.23359699695943
2022-11-13 02:00:00,5,108.57633000661146
2022-11-14 02:00:00,1,113.86211214526288
2022-11-14 10:00:00,2,103.5288311055445
2022-11-14 19:00:00,3,92.65944321833355
2022-11-14 04:00:00,4,83.44819558702561
2022-11-14 02:00:00,5,101.7228776609275
2022-11-15 04:00:00,1,78.55721976028786
2022-11-15 08:00:00,2,41.57299033010786
2022-11-15 19:00:00,3,108.73119608315335
2022-11-15 20:00:00,4,118.07869682172391
2022-11-15 18:00:00,5,52.741351289163234
2022-11-16 17:00:00,1,79.80538590580124
2022-11-16 22:00:00,2,112.38308522010395
2022-11-16 10:00:00,3,141.149909394234
2022-11-16 12:00:00,4,100.41587415350816
2022-11-16 19:00:00,5,85.43994117541732
2022-11-17 16:00:00,1,96.3420711779032
2022-11-17 09:00:00,2,127.4975283829637
2022-11-17 14:00:00,3,87.0807164175093
2022-11-17 16:00:00,4,84.01615986699493
2022-11-17 19:00:00,5,90.34512955635935
2022-11-18 13:00:00,1,80.93342783482575
2022-11-18 03:00:00,2,102.4534063198959
2022-11-18 22:00:00,3,132.4935691693912
2022-11-18 03:00:00,4,106.46158546232058
2022-11-18 20:00:00,5,94.95292995747425
2022-11-19 20:00:00,1,94.16377462168911
2022-11-19 17:00:00,2,68.73618382606686
2022-11-19 23:00:00,3,117.66219554294318
2022-11-19 06:00:00,4,98.44325605974396
2022-11-19 13:00:00,5,96.39040172818748
2022-11-20 14:00:00,1,163.86215135689721
2022-11-20 07:00:00,2,105.97505816731372
2022-11-20 13:00:00,3,84.96417899809632
2022-11-20 10:00:00,4,91.47284807588913
2022-11-20 14:00:00,5,122.9689141839351
2022-11-21 12:00:00,1,102.26540821075528
2022-11-21 13:00:00,2,71.23444043365267
2022-11-21 23:00:00,3,118.38457869150407
2022-11-21 03:00:00,4,86.63711828922013
2022-11-21 10:00:00,5,137.4659555243509
2022-11-22 13:00:00,1,121.60096131429297
2022-11-22 10:00:00,2,91.05356208682498
2022-11-22 21:00:00,3,125.62032723470226
2022-11-22 08:00:00,4,101.35711021054807
2022-11-22 11:00:00,5,117.05547350244439
2022-11-23 04:00:00,1,109.6946563458895
2022-11-23 21:00:00,2,83.07286690018253
2022-11-23 15:00:00,3,87.12900335365076
2022-11-23 02:00:00,4,120.59921635162323
2022-11-23 02:00:00,5,93.30449335786918
2022-11-24 02:00:00,1,91.92703073516006
2022-11-24 02:00:00,2,80.89754841301294
2022-11-24 13:00:00,3,108.47198131186923
2022-11-24 03:00:00,4,141.2504983848629
2022-11-24 23:00:00,5,78.64934171491454
2022-11-25 23:00:00,1,100.48438913345517
2022-11-25 11:00:00,2,128.24441110830858
2022-11-25 04:00:00,3,98.40717217508569
2022-11-25 17:00:00,4,109.04743592499467
2022-11-25 01:00:00,5,78.75212943706241
2022-11-26 18:00:00,1,108.56614194415297
2022-11-26 17:00:00,2,96.25711469990902
2022-11-26 17:00:00,3,119.71459991359725
2022-11-26 10:00:00,4,123.74772103129501
2022-11-26 21:00:00,5,151.79127284037227
2022-11-27 03:00:00,1,111.59266346427151
2022-11-27 13:00:00,2,106.51592633164333
2022-11-27 11:00:00,3,103.88768603154672
2022-11-27 21:00:00,4,92.93667414378623
2022-11-27 13:00:00,5,106.76967686923382
2022-11-28 23:00:00,1,94.09197179721941
2022-11-28 01:00:00,2,103.36921952539228
2022-11-28 09:00:00,3,126.3519507121592
2022-11-28 19:00:00,4,79.86914869440717
2022-11-28 09:00:00,5,122.7975712225809
2022-11-29 11:00:00,1,126.34230134679731
2022-11-29 03:00:00,2,97.63862946017842
2022-11-29 18:00:00,3,57.56290201982811
2022-11-29 16:00:00,4,87.84356025811135
2022-11-29 06:00:00,5,125.93989093122218
2022-11-30 04:00:00,1,99.54263875402236
2022-11-30 21:00:00,2,80.01395535410178
2022-11-30 15:00:00,3,89.90450157543565
2022-11-30 07:00:00,4,116.81240053009105
2022-11-30 03:00:00,5,110.9346713640276
2022-12-01 11:00:00,1,95.22135801660612
2022-12-01 17:00:00,2,92.66351176370625
2022-12-01 11:00:00,3,92.16483701912357
2022-12-01 03:00:00,4,81.55179631002994
2022-12-01 08:00:00,5,132.30751378938885
2022-12-02 18:00:00,1,93.5535906157732
2022-12-02 07:00:00,2,124.34317041650993
2022-12-02 13:00:00,3,130.42632103844903
2022-12-02 17:00:00,4,119.9662179629592
2022-12-02 19:00:00,5,91.36759374563903
2022-12-03 19:00:00,1,108.07460180673219
2022-12-03 21:00:00,2,99.51608787218167
2022-12-03 20:00:00,3,81.92596278539745
2022-12-03 17:00:00,4,106.48718563443207
2022-12-03 00:00:00,5,76.41920417680396
2022-12-04 19:00:00,1,123.75358776923127
2022-12-04 21:00:00,2,90.70765405403213
2022-12-04 22:00:00,3,104.02319311745678
2022-12-04 08:00:00,4,105.66575743092284
2022-12-04 00:00:00,5,94.82190052591845
2022-12-05 05:00:00,1,111.7338760295055
2022-12-05 08:00:00,2,90.50192686754951
2022-12-05 22:00:00,3,117.42594594914488
2022-12-05 09:00:00,4,73.08040639506503
2022-12-05 10:00:00,5,102.52759159092824
2022-12-06 11:00:00,1,138.7785799811657
2022-12-06 00:00:00,2,79.9933735078885
2022-12-06 05:00:00,3,86.44510058950297
2022-12-06 04:00:00,4,110.2781569931783
2022-12-06 18:00:00,5,103.59163563879196
2022-12-07 21:00:00,1,107.01260198547118
2022-12-07 12:00:00,2,109.78374260295327
2022-12-07 02:00:00,3,112.6944293712354
2022-12-07 04:00:00,4,122.19399683912447
2022-12-07 23:00:00,5,108.19637313857025
2022-12-08 20:00:00,1,95.17484690762915
2022-12-08 00:00:00,2,113.45147402405462
2022-12-08 02:00:00,3,137.9976386979043
2022-12-08 23:00:00,4,97.34732507234853
2022-12-08 16:00:00,5,80.50941390658717
2022-12-09 06:00:00,1,122.14161338573945
2022-12-09 12:00:00,2,97.59237672092803
2022-12-09 13:00:00,3,56.546609079719275
2022-12-09 14:00:00,4,116.94843354300843
2022-12-09 10:00:00,5,89.29343628092154
2022-12-10 05:00:00,1,98.18933435391679
2022-12-10 11:00:00,2,106.63960661138029
2022-12-10 09:00:00,3,103.80999359558133
2022-12-10 23:00:00,4,114.1890363427808
2022-12-10 10:00:00,5,91.29027258860313
2022-12-11 18:00:00,1,110.26211596352165
2022-12-11 19:00:00,2,94.80906644832166
2022-12-11 02:00:00,3,114.77620961775006
2022-12-11 01:00:00,4,112.30734968026107
2022-12-11 04:00:00,5,81.29122595910809
2022-12-12 05:00:00,1,121.71964232350064
2022-12-12 19:00:00,2,89.28073109771904
2022-12-12 01:00:00,3,116.1611559656229
2022-12-12 21:00:00,4,107.34574626802682
2022-12-12 02:00:00,5,136.76367353590246
2022-12-13 08:00:00,1,95.53068035256295
2022-12-13 14:00:00,2,93.01366407763605
2022-12-13 21:00:00,3,99.61160788224535
2022-12-13 13:00:00,4,93.93640434331449
2022-12-13 15:00:00,5,115.998838038841
2022-12-14 19:00:00,1,67.67378783126824
2022-12-14 14:00:00,2,78.92635161707292
2022-12-14 13:00:00,3,78.64394156841614
2022-12-14 08:00:00,4,119.00615183947151
2022-12-14 06:00:00,5,134.2122674516385
2022-12-15 16:00:00,1,97.91101562925057
2022-12-15 03:00:00,2,96.62356553619979
2022-12-15 11:00:00,3,101.40104326226363
2022-12-15 13:00:00,4,123.23756605216381
2022-12-15 03:00:00,5,81.45293731618852
2022-12-16 09:00:00,1,104.7673796546957
2022-12-16 21:00:00,2,119.5039525956486
2022-12-16 21:00:00,3,110.0218833987969
2022-12-16 18:00:00,4,103.79163233197487
2022-12-16 15:00:00,5,120.02092185134282
2022-12-17 16:00:00,1,45.93535414001526
2022-12-17 21:00:00,2,113.55750639061816
2022-12-17 09:00:00,3,86.91848633745153
2022-12-17 01:00:00,4,63.387342062870864
2022-12-17 07:00:00,5,110.22405199049962
2022-12-18 12:00:00,1,127.47317090325916
2022-12-18 19:00:00,2,97.25102970744616
2022-12-18 01:00:00,3,119.05749094405877
2022-12-18 00:00:00,4,132.24556515977292
2022-12-18 06:00:00,5,126.29828907168095
2022-12-19 09:00:00,1,132.79929058742786
2022-12-19 06:00:00,2,114.84254982143784
2022-12-19 04:00:00,3,101.50867277803185
2022-12-19 08:00:00,4,67.96068376205663
2022-12-19 09:00:00,5,95.07875023740102
2022-12-20 10:00:00,1,83.13506809367617
2022-12-20 03:00:00,2,143.4188543499563
2022-12-20 00:00:00,3,96.48228375135326
2022-12-20 15:00:00,4,102.46409613568972
2022-12-20 23:00:00,5,111.02970752080935
2022-12-21 13:00:00,1,100.87204892744907
2022-12-21 05:00:00,2,133.90102080861504
2022-12-21 04:00:00,3,87.54701276531097
2022-12-21 12:00:00,4,103.89214910474486
2022-12-21 17:00:00,5,85.15058828603904
2022-12-22 22:00:00,1,73.59954977558588
2022-12-22 07:00:00,2,87.76461818189429
2022-12-22 16:00:00,3,99.25926405903176
2022-12-22 17:00:00,4,91.4139555096548
2022-12-22 21:00:00,5,86.15158040252288
2022-12-23 11:00:00,1,71.87365072656333
2022-12-23 02:00:00,2,98.3378885474261
2022-12-23 12:00:00,3,69.90559251937995
2022-12-23 23:00:00,4,115.20111927379205
2022-12-23 01:00:00,5,101.64879505869007
2022-12-24 13:00:00,1,70.8489700107014
2022-12-24 00:00:00,2,93.81581845900273
2022-12-24 14:00:00,3,84.95687188818833
2022-12-24 02:00:00,4,106.3834902083836
2022-12-24 10:00:00,5,126.80900892046289
2022-12-25 18:00:00,1,62.49655060708511
2022-12-25 13:00:00,2,102.30052158294835
2022-12-25 18:00:00,3,96.79734408866719
2022-12-25 12:00:00,4,113.42680152900931
2022-12-25 22:00:00,5,104.26393256475379
2022-12-26 20:00:00,1,84.96061336522362
2022-12-26 13:00:00,2,93.61892128666764
2022-12-26 09:00:00,3,84.07948286393022
2022-12-26 03:00:00,4,121.52014277197196
2022-12-26 12:00:00,5,100.42623297343884
2022-12-27 00:00:00,1,138.02381371506016
2022-12-27 10:00:00,2,98.78678372370759
2022-12-27 05:00:00,3,85.83186466179075
2022-12-27 19:00:00,4,69.72571214774345
2022-12-27 14:00:00,5,63.9372064748811
2022-12-28 22:00:00,1,68.31728113989021
2022-12-28 11:00:00,2,105.34253302022967
2022-12-28 02:00:00,3,110.17450046459868
2022-12-28 13:00:00,4,68.37618595935733
2022-12-28 03:00:00,5,117.90076628152231
2022-12-29 07:00:00,1,90.3387789663312
2022-12-29 13:00:00,2,102.93586023971099
2022-12-29 18:00:00,3,132.2444125651085
2022-12-29 12:00:00,4,117.93678631731063
2022-12-29 16:00:00,5,94.62938704188335
2022-12-30 02:00:00,1,82.17615549169426
2022-12-30 12:00:00,2,56.9636919734139
2022-12-30 09:00:00,3,85.6169336151516
2022-12-30 23:00:00,4,95.7773952234461
2022-12-30 10:00:00,5,80.25640945697631
2022-12-31 07:00:00,1,97.3748606581539
2022-12-31 10:00:00,2,101.53703765917537
2022-12-31 05:00:00,3,95.50288036383843
2022-12-31 02:00:00,4,86.9999483835308
2022-12-31 16:00:00,5,103.37309343933455
